timestamp,source_ip,destination_ip,source_port,destination_port,protocol,packet_length,tcp_flags
2026-07-06T15:57:56.890460,188.255.46.224,192.168.10.21,48891,49001,TCP,54,A
2026-07-06T15:57:56.934632,192.168.10.1,239.255.255.250,,,OTHER,46,
2026-07-06T15:57:57.057961,192.168.10.21,52.168.117.171,50950,443,TCP,172,PA
2026-07-06T15:57:57.059048,192.168.10.21,52.168.117.171,50950,443,TCP,5443,PA
2026-07-06T15:57:57.075180,192.168.10.21,64.225.10.229,49001,4001,TCP,88,PA
2026-07-06T15:57:57.081144,192.168.10.21,91.142.152.78,49001,48891,TCP,88,PA
2026-07-06T15:57:57.186664,52.168.117.171,192.168.10.21,443,50950,TCP,54,A
2026-07-06T15:57:57.187937,52.168.117.171,192.168.10.21,443,50950,TCP,54,A
2026-07-06T15:57:57.217564,64.225.10.229,192.168.10.21,4001,49001,TCP,88,PA
2026-07-06T15:57:57.223031,52.168.117.171,192.168.10.21,443,50950,TCP,148,PA
2026-07-06T16:00:44.654220,104.18.32.47,192.168.10.21,443,63404,TCP,122,PA
2026-07-06T16:00:44.655132,192.168.10.21,104.18.32.47,63404,443,TCP,54,A
2026-07-06T16:00:44.688045,104.18.32.47,192.168.10.21,443,63404,TCP,122,PA
2026-07-06T16:00:44.709195,104.18.32.47,192.168.10.21,443,63404,TCP,122,PA
2026-07-06T16:00:44.710346,192.168.10.21,104.18.32.47,63404,443,TCP,54,A
2026-07-06T16:00:44.711811,192.168.10.21,192.168.10.1,62150,53,UDP,79,
2026-07-06T16:00:44.712741,192.168.10.21,192.168.10.1,63062,53,UDP,79,
2026-07-06T16:00:44.720067,192.168.10.1,192.168.10.21,53,62150,UDP,262,
2026-07-06T16:00:44.722039,104.18.32.47,192.168.10.21,443,63404,TCP,122,PA
2026-07-06T16:00:44.740006,192.168.10.21,104.18.30.173,63407,443,TCP,55,A
2026-07-06T16:00:44.743925,104.18.32.47,192.168.10.21,443,63404,TCP,122,PA
2026-07-06T16:00:44.744712,192.168.10.21,104.18.32.47,63404,443,TCP,54,A
2026-07-06T16:00:44.747869,104.18.30.173,192.168.10.21,443,63407,TCP,66,A
2026-07-06T16:00:44.769240,104.18.32.47,192.168.10.21,443,63404,TCP,122,PA
2026-07-06T16:00:44.772605,192.168.10.1,192.168.10.21,53,63062,UDP,248,
2026-07-06T16:00:44.773564,192.168.10.21,13.107.213.62,49338,443,TCP,66,S
2026-07-06T16:00:44.774473,104.18.32.47,192.168.10.21,443,63404,TCP,122,PA
2026-07-06T16:00:44.775151,192.168.10.21,104.18.32.47,63404,443,TCP,54,A
2026-07-06T16:00:44.808470,104.18.32.47,192.168.10.21,443,63404,TCP,122,PA
2026-07-06T16:00:44.817406,13.107.213.62,192.168.10.21,443,49338,TCP,66,SA
2026-07-06T16:00:44.818216,192.168.10.21,13.107.213.62,49338,443,TCP,54,A
2026-07-06T16:00:44.818997,192.168.10.21,13.107.213.62,49338,443,TCP,2118,PA
2026-07-06T16:00:44.827150,104.18.32.47,192.168.10.21,443,63404,TCP,122,PA
2026-07-06T16:00:44.828070,192.168.10.21,104.18.32.47,63404,443,TCP,54,A
2026-07-06T16:00:44.849323,104.18.32.47,192.168.10.21,443,63404,TCP,130,PA
2026-07-06T16:00:44.862212,13.107.213.62,192.168.10.21,443,49338,TCP,54,A
2026-07-06T16:00:44.866765,13.107.213.62,192.168.10.21,443,49338,TCP,54,A
2026-07-06T16:00:44.867527,13.107.213.62,192.168.10.21,443,49338,TCP,153,PA
2026-07-06T16:00:44.868370,192.168.10.21,13.107.213.62,49338,443,TCP,932,PA
2026-07-06T16:00:44.877492,104.18.32.47,192.168.10.21,443,63404,TCP,122,PA
2026-07-06T16:00:44.878515,192.168.10.21,104.18.32.47,63404,443,TCP,54,A
2026-07-06T16:00:44.917719,13.107.213.62,192.168.10.21,443,49338,TCP,1454,A
2026-07-06T16:00:44.918914,13.107.213.62,192.168.10.21,443,49338,TCP,1454,PA
2026-07-06T16:00:44.920039,13.107.213.62,192.168.10.21,443,49338,TCP,1350,PA
2026-07-06T16:00:44.920930,13.107.213.62,192.168.10.21,443,49338,TCP,1454,A
2026-07-06T16:00:44.921985,13.107.213.62,192.168.10.21,443,49338,TCP,1454,PA
2026-07-06T16:00:44.922709,192.168.10.21,13.107.213.62,49338,443,TCP,54,A
2026-07-06T16:00:44.923399,13.107.213.62,192.168.10.21,443,49338,TCP,1454,A
2026-07-06T16:00:44.924110,192.168.10.21,13.107.213.62,49338,443,TCP,54,A
2026-07-06T16:00:44.925072,13.107.213.62,192.168.10.21,443,49338,TCP,1021,PA
2026-07-06T16:00:44.925914,13.107.213.62,192.168.10.21,443,49338,TCP,414,PA
2026-07-06T16:00:44.926500,192.168.10.21,13.107.213.62,49338,443,TCP,54,A
2026-07-06T16:00:44.927170,192.168.10.21,13.107.213.62,49338,443,TCP,128,PA
2026-07-06T16:00:44.927959,192.168.10.21,13.107.213.62,49338,443,TCP,146,PA
2026-07-06T16:00:44.928591,192.168.10.21,13.107.213.62,49338,443,TCP,326,PA
2026-07-06T16:00:44.929270,104.18.32.47,192.168.10.21,443,63404,TCP,122,PA
2026-07-06T16:00:44.940665,192.168.10.21,174.136.97.179,49001,4001,TCP,88,PA
2026-07-06T16:00:44.962524,13.107.213.62,192.168.10.21,443,49338,TCP,54,A
2026-07-06T16:00:44.963415,13.107.213.62,192.168.10.21,443,49338,TCP,341,PA
2026-07-06T16:00:44.964077,13.107.213.62,192.168.10.21,443,49338,TCP,341,PA
2026-07-06T16:00:44.964666,192.168.10.21,13.107.213.62,49338,443,TCP,54,A
2026-07-06T16:00:44.965222,13.107.213.62,192.168.10.21,443,49338,TCP,125,PA
2026-07-06T16:00:44.965791,192.168.10.21,13.107.213.62,49338,443,TCP,85,PA
2026-07-06T16:00:44.972637,192.168.10.21,104.18.32.47,63404,443,TCP,54,A
2026-07-06T16:00:44.980677,13.107.213.62,192.168.10.21,443,49338,TCP,1454,A
2026-07-06T16:00:44.981689,13.107.213.62,192.168.10.21,443,49338,TCP,1454,PA
2026-07-06T16:00:44.982488,13.107.213.62,192.168.10.21,443,49338,TCP,1454,A
2026-07-06T16:00:44.983158,13.107.213.62,192.168.10.21,443,49338,TCP,1454,PA
2026-07-06T16:00:44.983822,13.107.213.62,192.168.10.21,443,49338,TCP,1454,A
2026-07-06T16:00:44.984495,13.107.213.62,192.168.10.21,443,49338,TCP,1454,PA
2026-07-06T16:00:44.985140,13.107.213.62,192.168.10.21,443,49338,TCP,1454,A
2026-07-06T16:00:44.986206,13.107.213.62,192.168.10.21,443,49338,TCP,1454,PA
2026-07-06T16:00:44.987307,13.107.213.62,192.168.10.21,443,49338,TCP,1454,A
2026-07-06T16:00:44.988040,13.107.213.62,192.168.10.21,443,49338,TCP,1454,PA
2026-07-06T16:00:44.989460,13.107.213.62,192.168.10.21,443,49338,TCP,1454,A
2026-07-06T16:00:44.990428,13.107.213.62,192.168.10.21,443,49338,TCP,1454,PA
2026-07-06T16:00:44.991057,192.168.10.21,13.107.213.62,49338,443,TCP,54,A
2026-07-06T16:00:44.991761,13.107.213.62,192.168.10.21,443,49338,TCP,1454,A
2026-07-06T16:00:44.992552,13.107.213.62,192.168.10.21,443,49338,TCP,1454,PA
2026-07-06T16:00:44.993303,192.168.10.21,13.107.213.62,49338,443,TCP,54,A
2026-07-06T16:00:44.994081,13.107.213.62,192.168.10.21,443,49338,TCP,1454,A
2026-07-06T16:00:44.994887,13.107.213.62,192.168.10.21,443,49338,TCP,1454,PA
2026-07-06T16:00:44.995624,192.168.10.21,13.107.213.62,49338,443,TCP,54,A
2026-07-06T16:00:44.996836,104.18.32.47,192.168.10.21,443,63404,TCP,122,PA
2026-07-06T16:00:45.007099,13.107.213.62,192.168.10.21,443,49338,TCP,1454,A
2026-07-06T16:00:45.008032,192.168.10.21,13.107.213.62,49338,443,TCP,54,A
2026-07-06T16:00:45.009063,13.107.213.62,192.168.10.21,443,49338,TCP,1454,PA
2026-07-06T16:00:45.009792,192.168.10.21,13.107.213.62,49338,443,TCP,54,A
2026-07-06T16:00:45.010595,13.107.213.62,192.168.10.21,443,49338,TCP,1454,A
2026-07-06T16:00:45.011207,192.168.10.21,13.107.213.62,49338,443,TCP,54,A
2026-07-06T16:00:45.011964,13.107.213.62,192.168.10.21,443,49338,TCP,1454,PA
2026-07-06T16:00:45.012494,192.168.10.21,13.107.213.62,49338,443,TCP,54,A
2026-07-06T16:00:45.013328,13.107.213.62,192.168.10.21,443,49338,TCP,1454,A
2026-07-06T16:00:45.014073,13.107.213.62,192.168.10.21,443,49338,TCP,1454,PA
2026-07-06T16:00:45.014678,192.168.10.21,13.107.213.62,49338,443,TCP,54,A
2026-07-06T16:00:45.025221,13.107.213.62,192.168.10.21,443,49338,TCP,1454,A
2026-07-06T16:00:45.026166,13.107.213.62,192.168.10.21,443,49338,TCP,1454,PA
2026-07-06T16:00:45.026917,192.168.10.21,13.107.213.62,49338,443,TCP,54,A
2026-07-06T16:00:45.027700,13.107.213.62,192.168.10.21,443,49338,TCP,1454,A
2026-07-06T16:00:45.028442,13.107.213.62,192.168.10.21,443,49338,TCP,1454,PA
2026-07-06T16:00:45.029129,192.168.10.21,13.107.213.62,49338,443,TCP,54,A
2026-07-06T16:00:45.029988,192.168.10.21,179.210.138.21,49001,48891,TCP,88,PA
2026-07-06T16:00:45.030705,104.18.32.47,192.168.10.21,443,63404,TCP,122,PA
2026-07-06T16:00:45.032080,192.168.10.21,104.18.32.47,63404,443,TCP,54,A
2026-07-06T16:00:45.033361,13.107.213.62,192.168.10.21,443,49338,TCP,1454,A
2026-07-06T16:00:45.034372,13.107.213.62,192.168.10.21,443,49338,TCP,1454,PA
2026-07-06T16:00:45.035055,192.168.10.21,13.107.213.62,49338,443,TCP,54,A
2026-07-06T16:00:45.035983,13.107.213.62,192.168.10.21,443,49338,TCP,1454,A
2026-07-06T16:00:45.037091,13.107.213.62,192.168.10.21,443,49338,TCP,1454,PA
2026-07-06T16:00:45.038063,192.168.10.21,13.107.213.62,49338,443,TCP,54,A
2026-07-06T16:00:45.039183,13.107.213.62,192.168.10.21,443,49338,TCP,1454,A
2026-07-06T16:00:45.040066,13.107.213.62,192.168.10.21,443,49338,TCP,1454,PA
2026-07-06T16:00:45.040732,192.168.10.21,13.107.213.62,49338,443,TCP,54,A
2026-07-06T16:00:45.041452,13.107.213.62,192.168.10.21,443,49338,TCP,1454,A
2026-07-06T16:00:45.042163,13.107.213.62,192.168.10.21,443,49338,TCP,1454,PA
2026-07-06T16:00:45.042837,192.168.10.21,13.107.213.62,49338,443,TCP,54,A
2026-07-06T16:00:45.043624,13.107.213.62,192.168.10.21,443,49338,TCP,1454,A
2026-07-06T16:00:45.044424,13.107.213.62,192.168.10.21,443,49338,TCP,1454,PA
2026-07-06T16:00:45.045409,192.168.10.21,13.107.213.62,49338,443,TCP,54,A
2026-07-06T16:00:45.046237,13.107.213.62,192.168.10.21,443,49338,TCP,1454,A
2026-07-06T16:00:45.047047,13.107.213.62,192.168.10.21,443,49338,TCP,1454,PA
2026-07-06T16:00:45.047809,192.168.10.21,13.107.213.62,49338,443,TCP,54,A
2026-07-06T16:00:45.048694,13.107.213.62,192.168.10.21,443,49338,TCP,1454,A
2026-07-06T16:00:45.049723,13.107.213.62,192.168.10.21,443,49338,TCP,1454,PA
2026-07-06T16:00:45.050393,192.168.10.21,13.107.213.62,49338,443,TCP,54,A
2026-07-06T16:00:45.052045,13.107.213.62,192.168.10.21,443,49338,TCP,1454,A
2026-07-06T16:00:45.052869,13.107.213.62,192.168.10.21,443,49338,TCP,1454,PA
2026-07-06T16:00:45.054200,13.107.213.62,192.168.10.21,443,49338,TCP,1454,A
2026-07-06T16:00:45.055982,13.107.213.62,192.168.10.21,443,49338,TCP,1454,PA
2026-07-06T16:00:45.056892,192.168.10.21,13.107.213.62,49338,443,TCP,54,A
2026-07-06T16:00:45.057669,13.107.213.62,192.168.10.21,443,49338,TCP,1454,A
2026-07-06T16:00:45.058593,13.107.213.62,192.168.10.21,443,49338,TCP,1454,PA
2026-07-06T16:00:45.059187,192.168.10.21,13.107.213.62,49338,443,TCP,54,A
2026-07-06T16:00:45.059915,13.107.213.62,192.168.10.21,443,49338,TCP,1454,A
2026-07-06T16:00:45.060574,13.107.213.62,192.168.10.21,443,49338,TCP,1454,PA
2026-07-06T16:00:45.061347,192.168.10.21,13.107.213.62,49338,443,TCP,54,A
2026-07-06T16:00:45.062237,13.107.213.62,192.168.10.21,443,49338,TCP,1454,A
2026-07-06T16:00:45.062936,13.107.213.62,192.168.10.21,443,49338,TCP,1454,PA
2026-07-06T16:00:45.063523,192.168.10.21,13.107.213.62,49338,443,TCP,54,A
2026-07-06T16:00:45.064315,13.107.213.62,192.168.10.21,443,49338,TCP,1454,A
2026-07-06T16:00:45.065138,13.107.213.62,192.168.10.21,443,49338,TCP,827,PA
2026-07-06T16:00:45.065816,192.168.10.21,13.107.213.62,49338,443,TCP,54,A
2026-07-06T16:00:45.075162,104.18.32.47,192.168.10.21,443,63404,TCP,122,PA
2026-07-06T16:00:45.087179,104.18.32.47,192.168.10.21,443,63404,TCP,122,PA
2026-07-06T16:00:45.088292,192.168.10.21,104.18.32.47,63404,443,TCP,54,A
2026-07-06T16:00:45.095690,104.18.32.47,192.168.10.21,443,63404,TCP,122,PA
2026-07-06T16:00:45.112482,104.18.32.47,192.168.10.21,443,63404,TCP,122,PA
2026-07-06T16:00:45.113271,192.168.10.21,104.18.32.47,63404,443,TCP,54,A
2026-07-06T16:00:45.126709,174.136.97.179,192.168.10.21,4001,49001,TCP,88,PA
2026-07-06T16:00:45.127602,192.168.10.21,174.136.97.179,49001,4001,TCP,88,PA
2026-07-06T16:00:45.128257,104.18.32.47,192.168.10.21,443,63404,TCP,122,PA
2026-07-06T16:00:45.129774,174.136.97.179,192.168.10.21,4001,49001,TCP,54,A
2026-07-06T16:00:45.130346,174.136.97.179,192.168.10.21,4001,49001,TCP,88,PA
2026-07-06T16:00:45.145884,104.18.32.47,192.168.10.21,443,63404,TCP,122,PA
2026-07-06T16:00:45.146950,192.168.10.21,104.18.32.47,63404,443,TCP,54,A
2026-07-06T16:00:45.167005,104.18.32.47,192.168.10.21,443,63404,TCP,122,PA
2026-07-06T16:00:45.174743,192.168.10.21,174.136.97.179,49001,4001,TCP,54,A
2026-07-06T16:00:45.188756,104.18.32.47,192.168.10.21,443,63404,TCP,122,PA
2026-07-06T16:00:45.189630,192.168.10.21,104.18.32.47,63404,443,TCP,54,A
2026-07-06T16:00:45.211750,104.18.32.47,192.168.10.21,443,63404,TCP,122,PA
2026-07-06T16:00:45.217495,104.18.32.47,192.168.10.21,443,63404,TCP,122,PA
2026-07-06T16:00:45.218307,192.168.10.21,104.18.32.47,63404,443,TCP,54,A
2026-07-06T16:00:45.239343,104.18.32.47,192.168.10.21,443,63404,TCP,122,PA
2026-07-06T16:00:45.265998,104.18.32.47,192.168.10.21,443,63404,TCP,122,PA
2026-07-06T16:00:45.267077,192.168.10.21,104.18.32.47,63404,443,TCP,54,A
2026-07-06T16:00:45.280387,179.210.138.21,192.168.10.21,48891,49001,TCP,88,PA
2026-07-06T16:00:45.281961,179.210.138.21,192.168.10.21,48891,49001,TCP,88,PA
2026-07-06T16:00:45.282549,192.168.10.21,179.210.138.21,49001,48891,TCP,54,A
2026-07-06T16:00:45.283201,192.168.10.21,179.210.138.21,49001,48891,TCP,88,PA
2026-07-06T16:00:45.283735,104.18.32.47,192.168.10.21,443,63404,TCP,122,PA
2026-07-06T16:00:45.288668,104.18.32.47,192.168.10.21,443,63404,TCP,122,PA
2026-07-06T16:00:45.289628,192.168.10.21,104.18.32.47,63404,443,TCP,54,A
2026-07-06T16:00:45.309905,104.18.32.47,192.168.10.21,443,63404,TCP,130,PA
2026-07-06T16:00:45.322630,104.18.32.47,192.168.10.21,443,63404,TCP,130,PA
2026-07-06T16:00:45.323504,192.168.10.21,104.18.32.47,63404,443,TCP,54,A
2026-07-06T16:00:45.328184,192.168.10.21,94.241.7.9,49001,4001,TCP,88,PA
2026-07-06T16:00:45.340472,104.18.32.47,192.168.10.21,443,63404,TCP,122,PA
2026-07-06T16:00:45.358196,104.18.32.47,192.168.10.21,443,63404,TCP,122,PA
2026-07-06T16:00:45.360828,192.168.10.21,104.18.32.47,63404,443,TCP,54,A
2026-07-06T16:00:45.366183,174.136.97.179,192.168.10.21,4001,49001,TCP,54,A
2026-07-06T16:00:45.374436,104.18.32.47,192.168.10.21,443,63404,TCP,122,PA
2026-07-06T16:00:45.378990,104.18.32.47,192.168.10.21,443,63404,TCP,122,PA
2026-07-06T16:00:45.380447,192.168.10.21,104.18.32.47,63404,443,TCP,54,A
2026-07-06T16:00:45.384365,104.18.32.47,192.168.10.21,443,63404,TCP,130,PA
2026-07-06T16:00:45.390306,104.18.32.47,192.168.10.21,443,63404,TCP,122,PA
2026-07-06T16:00:45.391400,192.168.10.21,104.18.32.47,63404,443,TCP,54,A
2026-07-06T16:00:45.402108,104.18.32.47,192.168.10.21,443,63404,TCP,122,PA
2026-07-06T16:00:45.423370,104.18.32.47,192.168.10.21,443,63404,TCP,122,PA
2026-07-06T16:00:45.424472,192.168.10.21,104.18.32.47,63404,443,TCP,54,A
2026-07-06T16:00:45.430032,104.18.32.47,192.168.10.21,443,63404,TCP,122,PA
2026-07-06T16:00:45.445796,104.18.32.47,192.168.10.21,443,63404,TCP,122,PA
2026-07-06T16:00:45.446608,192.168.10.21,104.18.32.47,63404,443,TCP,54,A
2026-07-06T16:00:45.460236,104.18.32.47,192.168.10.21,443,63404,TCP,122,PA
2026-07-06T16:00:45.470194,104.18.32.47,192.168.10.21,443,63404,TCP,122,PA
2026-07-06T16:00:45.471130,192.168.10.21,104.18.32.47,63404,443,TCP,54,A
2026-07-06T16:00:45.491501,104.18.32.47,192.168.10.21,443,63404,TCP,122,PA
2026-07-06T16:00:45.493465,104.18.32.47,192.168.10.21,443,63404,TCP,122,PA
2026-07-06T16:00:45.494025,192.168.10.21,104.18.32.47,63404,443,TCP,54,A
2026-07-06T16:00:45.507982,104.18.32.47,192.168.10.21,443,63404,TCP,130,PA
2026-07-06T16:00:45.516904,104.18.32.47,192.168.10.21,443,63404,TCP,130,PA
2026-07-06T16:00:45.517603,192.168.10.21,104.18.32.47,63404,443,TCP,54,A
2026-07-06T16:00:45.522114,192.168.10.21,54.77.224.235,49001,4001,TCP,88,PA
2026-07-06T16:00:45.555251,104.18.32.47,192.168.10.21,443,63404,TCP,122,PA
2026-07-06T16:00:45.576783,179.210.138.21,192.168.10.21,48891,49001,TCP,54,A
2026-07-06T16:00:45.582430,192.168.10.21,213.230.123.66,49001,48891,TCP,88,PA
2026-07-06T16:00:45.586374,104.18.32.47,192.168.10.21,443,63404,TCP,122,PA
2026-07-06T16:00:45.587387,192.168.10.21,104.18.32.47,63404,443,TCP,54,A
2026-07-06T16:00:45.599560,54.77.224.235,192.168.10.21,4001,49001,TCP,88,PA
2026-07-06T16:00:45.607751,104.18.32.47,192.168.10.21,443,63404,TCP,122,PA
2026-07-06T16:00:45.636436,104.18.32.47,192.168.10.21,443,63404,TCP,122,PA
2026-07-06T16:00:45.637383,192.168.10.21,104.18.32.47,63404,443,TCP,54,A
2026-07-06T16:00:45.639979,192.168.10.21,54.77.224.235,49001,4001,TCP,54,A
2026-07-06T16:00:45.651133,104.18.32.47,192.168.10.21,443,63404,TCP,122,PA
2026-07-06T16:00:45.701506,192.168.10.21,104.18.32.47,63404,443,TCP,54,A
2026-07-06T16:00:45.702511,104.18.32.47,192.168.10.21,443,63404,TCP,122,PA
2026-07-06T16:00:45.706333,104.18.32.47,192.168.10.21,443,63404,TCP,122,PA
2026-07-06T16:00:45.707120,192.168.10.21,104.18.32.47,63404,443,TCP,54,A
2026-07-06T16:00:45.717769,192.168.10.21,57.144.120.192,65384,443,TCP,86,PA
2026-07-06T16:00:45.732847,213.230.123.66,192.168.10.21,48891,49001,TCP,88,PA
2026-07-06T16:00:45.733758,192.168.10.21,213.230.123.66,49001,48891,TCP,88,PA
2026-07-06T16:00:45.737351,104.18.32.47,192.168.10.21,443,63404,TCP,122,PA
2026-07-06T16:00:45.757460,104.18.32.47,192.168.10.21,443,63404,TCP,122,PA
2026-07-06T16:00:45.758300,192.168.10.21,104.18.32.47,63404,443,TCP,54,A
2026-07-06T16:00:45.762224,213.230.123.66,192.168.10.21,48891,49001,TCP,88,PA
2026-07-06T16:00:45.763069,57.144.120.192,192.168.10.21,443,65384,TCP,54,A
2026-07-06T16:00:45.769222,104.18.32.47,192.168.10.21,443,63404,TCP,122,PA
2026-07-06T16:00:45.778691,104.18.32.47,192.168.10.21,443,63404,TCP,122,PA
2026-07-06T16:00:45.779657,192.168.10.21,104.18.32.47,63404,443,TCP,54,A
2026-07-06T16:00:45.793080,104.18.32.47,192.168.10.21,443,63404,TCP,122,PA
2026-07-06T16:00:45.805524,104.18.32.47,192.168.10.21,443,63404,TCP,122,PA
2026-07-06T16:00:45.806406,192.168.10.21,104.18.32.47,63404,443,TCP,54,A
2026-07-06T16:00:45.810375,57.144.120.192,192.168.10.21,443,65384,TCP,82,PA
2026-07-06T16:00:45.811199,192.168.10.21,213.230.123.66,49001,48891,TCP,54,A
2026-07-06T16:00:45.817522,104.18.32.47,192.168.10.21,443,63404,TCP,122,PA
2026-07-06T16:00:45.837940,104.18.32.47,192.168.10.21,443,63404,TCP,130,PA
2026-07-06T16:00:45.839226,192.168.10.21,104.18.32.47,63404,443,TCP,54,A
2026-07-06T16:00:45.851596,104.18.32.47,192.168.10.21,443,63404,TCP,122,PA
2026-07-06T16:00:45.856729,192.168.10.21,57.144.120.192,65384,443,TCP,54,A
2026-07-06T16:00:45.865081,104.18.32.47,192.168.10.21,443,63404,TCP,130,PA
2026-07-06T16:00:45.865949,192.168.10.21,104.18.32.47,63404,443,TCP,54,A
2026-07-06T16:00:45.873795,104.18.32.47,192.168.10.21,443,63404,TCP,122,PA
2026-07-06T16:00:45.890836,104.18.32.47,192.168.10.21,443,63404,TCP,130,PA
2026-07-06T16:00:45.891784,192.168.10.21,104.18.32.47,63404,443,TCP,54,A
2026-07-06T16:00:45.903774,104.18.32.47,192.168.10.21,443,63404,TCP,122,PA
2026-07-06T16:00:45.918072,104.18.32.47,192.168.10.21,443,63404,TCP,130,PA
2026-07-06T16:00:45.918951,192.168.10.21,104.18.32.47,63404,443,TCP,54,A
2026-07-06T16:00:45.934012,104.18.32.47,192.168.10.21,443,63404,TCP,122,PA
2026-07-06T16:00:45.943339,104.18.32.47,192.168.10.21,443,63404,TCP,122,PA
2026-07-06T16:00:45.944494,192.168.10.21,104.18.32.47,63404,443,TCP,54,A
2026-07-06T16:00:45.952100,104.18.32.47,192.168.10.21,443,63404,TCP,122,PA
2026-07-06T16:00:45.965517,104.18.32.47,192.168.10.21,443,63404,TCP,122,PA
2026-07-06T16:00:45.966377,192.168.10.21,104.18.32.47,63404,443,TCP,54,A
2026-07-06T16:00:45.984562,104.18.32.47,192.168.10.21,443,63404,TCP,122,PA
2026-07-06T16:00:45.989671,213.230.123.66,192.168.10.21,48891,49001,TCP,54,A
2026-07-06T16:00:46.018147,104.18.32.47,192.168.10.21,443,63404,TCP,122,PA
2026-07-06T16:00:46.019153,192.168.10.21,104.18.32.47,63404,443,TCP,54,A
2026-07-06T16:00:46.038860,192.168.10.21,192.168.10.1,59677,53,UDP,92,
2026-07-06T16:00:46.056010,192.168.10.1,192.168.10.21,53,59677,UDP,216,
2026-07-06T16:00:46.056861,104.18.32.47,192.168.10.21,443,63404,TCP,122,PA
2026-07-06T16:00:46.057664,192.168.10.21,13.69.109.131,49340,443,TCP,66,S
2026-07-06T16:00:46.068473,104.18.32.47,192.168.10.21,443,63404,TCP,130,PA
2026-07-06T16:00:46.069435,192.168.10.21,104.18.32.47,63404,443,TCP,54,A
2026-07-06T16:00:46.088211,192.168.10.21,170.72.238.46,50066,443,TCP,174,PA
2026-07-06T16:00:46.089793,192.168.10.21,52.168.117.171,50950,443,TCP,177,PA
2026-07-06T16:00:46.090946,192.168.10.21,52.168.117.171,50950,443,TCP,13442,PA
2026-07-06T16:00:46.100078,104.18.32.47,192.168.10.21,443,63404,TCP,122,PA
2026-07-06T16:00:46.113395,104.18.32.47,192.168.10.21,443,63404,TCP,130,PA
2026-07-06T16:00:46.114312,192.168.10.21,104.18.32.47,63404,443,TCP,54,A
2026-07-06T16:00:46.121625,13.69.109.131,192.168.10.21,443,49340,TCP,66,SA
2026-07-06T16:00:46.122412,192.168.10.21,13.69.109.131,49340,443,TCP,54,A
2026-07-06T16:00:46.123142,192.168.10.21,13.69.109.131,49340,443,TCP,571,PA
2026-07-06T16:00:46.139566,104.18.32.47,192.168.10.21,443,63404,TCP,122,PA
2026-07-06T16:00:46.154737,170.72.238.46,192.168.10.21,443,50066,TCP,54,A
2026-07-06T16:00:46.155955,170.72.238.46,192.168.10.21,443,50066,TCP,258,PA
2026-07-06T16:00:46.169410,104.18.32.47,192.168.10.21,443,63404,TCP,122,PA
2026-07-06T16:00:46.170324,192.168.10.21,104.18.32.47,63404,443,TCP,54,A
2026-07-06T16:00:46.186541,13.69.109.131,192.168.10.21,443,49340,TCP,153,PA
2026-07-06T16:00:46.187704,192.168.10.21,13.69.109.131,49340,443,TCP,491,PA
2026-07-06T16:00:46.188657,104.18.32.47,192.168.10.21,443,63404,TCP,130,PA
2026-07-06T16:00:46.201835,104.18.32.47,192.168.10.21,443,63404,TCP,122,PA
2026-07-06T16:00:46.202800,192.168.10.21,104.18.32.47,63404,443,TCP,54,A
2026-07-06T16:00:46.211129,192.168.10.21,170.72.238.46,50066,443,TCP,54,A
2026-07-06T16:00:46.214940,104.18.32.47,192.168.10.21,443,63404,TCP,122,PA
2026-07-06T16:00:46.222997,52.168.117.171,192.168.10.21,443,50950,TCP,54,A
2026-07-06T16:00:46.223825,52.168.117.171,192.168.10.21,443,50950,TCP,54,A
2026-07-06T16:00:46.224598,52.168.117.171,192.168.10.21,443,50950,TCP,54,A
2026-07-06T16:00:46.225267,52.168.117.171,192.168.10.21,443,50950,TCP,54,A
2026-07-06T16:00:46.226105,52.168.117.171,192.168.10.21,443,50950,TCP,148,PA
2026-07-06T16:00:46.226892,192.168.10.21,52.168.117.171,50950,443,TCP,89,PA
2026-07-06T16:00:46.238870,104.18.32.47,192.168.10.21,443,63404,TCP,130,PA
2026-07-06T16:00:46.239777,192.168.10.21,104.18.32.47,63404,443,TCP,54,A
2026-07-06T16:00:46.257965,13.69.109.131,192.168.10.21,443,49340,TCP,1454,A
2026-07-06T16:00:46.259122,13.69.109.131,192.168.10.21,443,49340,TCP,1454,A
2026-07-06T16:00:46.259969,13.69.109.131,192.168.10.21,443,49340,TCP,1454,A
2026-07-06T16:00:46.260742,13.69.109.131,192.168.10.21,443,49340,TCP,1454,A
2026-07-06T16:00:46.261441,13.69.109.131,192.168.10.21,443,49340,TCP,1090,PA
2026-07-06T16:00:46.261942,192.168.10.21,13.69.109.131,49340,443,TCP,54,A
2026-07-06T16:00:46.262539,104.18.32.47,192.168.10.21,443,63404,TCP,122,PA
2026-07-06T16:00:46.263245,192.168.10.21,13.69.109.131,49340,443,TCP,2167,PA
2026-07-06T16:00:46.279692,104.18.32.47,192.168.10.21,443,63404,TCP,122,PA
2026-07-06T16:00:46.280556,192.168.10.21,104.18.32.47,63404,443,TCP,54,A
2026-07-06T16:00:46.293611,104.18.32.47,192.168.10.21,443,63404,TCP,122,PA
2026-07-06T16:00:46.310843,104.18.32.47,192.168.10.21,443,63404,TCP,122,PA
2026-07-06T16:00:46.311633,192.168.10.21,104.18.32.47,63404,443,TCP,54,A
2026-07-06T16:00:46.324376,13.69.109.131,192.168.10.21,443,49340,TCP,54,A
2026-07-06T16:00:46.325403,13.69.109.131,192.168.10.21,443,49340,TCP,157,PA
2026-07-06T16:00:46.326113,104.18.32.47,192.168.10.21,443,63404,TCP,122,PA
2026-07-06T16:00:46.326934,13.69.109.131,192.168.10.21,443,49340,TCP,519,FPA
2026-07-06T16:00:46.327520,192.168.10.21,13.69.109.131,49340,443,TCP,54,A
2026-07-06T16:00:46.328223,192.168.10.21,13.69.109.131,49340,443,TCP,78,PA
2026-07-06T16:00:46.328928,192.168.10.21,13.69.109.131,49340,443,TCP,54,FA
2026-07-06T16:00:46.350465,104.18.32.47,192.168.10.21,443,63404,TCP,122,PA
2026-07-06T16:00:46.351435,192.168.10.21,104.18.32.47,63404,443,TCP,54,A
2026-07-06T16:00:46.352274,104.18.32.47,192.168.10.21,443,63404,TCP,122,PA
2026-07-06T16:00:46.365884,104.18.32.47,192.168.10.21,443,63404,TCP,130,PA
2026-07-06T16:00:46.366697,192.168.10.21,104.18.32.47,63404,443,TCP,54,A
2026-07-06T16:00:46.386959,104.18.32.47,192.168.10.21,443,63404,TCP,122,PA
2026-07-06T16:00:46.392604,13.69.109.131,192.168.10.21,443,49340,TCP,54,A
2026-07-06T16:00:46.407630,192.168.10.1,224.0.0.251,,,OTHER,46,
2026-07-06T16:00:46.408522,52.168.117.171,192.168.10.21,443,50950,TCP,54,A
2026-07-06T16:00:46.413733,104.18.32.47,192.168.10.21,443,63404,TCP,130,PA
2026-07-06T16:00:46.414388,192.168.10.21,104.18.32.47,63404,443,TCP,54,A
2026-07-06T16:00:46.429839,104.18.32.47,192.168.10.21,443,63404,TCP,122,PA
2026-07-06T16:00:46.449767,104.18.32.47,192.168.10.21,443,63404,TCP,122,PA
2026-07-06T16:00:46.450662,192.168.10.21,104.18.32.47,63404,443,TCP,54,A
2026-07-06T16:00:46.468031,104.18.32.47,192.168.10.21,443,63404,TCP,130,PA
2026-07-06T16:00:46.484653,104.18.32.47,192.168.10.21,443,63404,TCP,122,PA
2026-07-06T16:00:46.488926,192.168.10.21,104.18.32.47,63404,443,TCP,54,A
2026-07-06T16:00:46.490162,104.18.32.47,192.168.10.21,443,63404,TCP,122,PA
2026-07-06T16:00:46.494651,104.18.32.47,192.168.10.21,443,63404,TCP,130,PA
2026-07-06T16:00:46.495420,192.168.10.21,104.18.32.47,63404,443,TCP,54,A
2026-07-06T16:00:46.534739,104.18.32.47,192.168.10.21,443,63404,TCP,122,PA
2026-07-06T16:00:46.546434,104.18.32.47,192.168.10.21,443,63404,TCP,130,PA
2026-07-06T16:00:46.547278,192.168.10.21,104.18.32.47,63404,443,TCP,54,A
2026-07-06T16:00:46.551479,104.18.32.47,192.168.10.21,443,63404,TCP,122,PA
2026-07-06T16:00:46.555932,104.18.32.47,192.168.10.21,443,63404,TCP,130,PA
2026-07-06T16:00:46.556774,192.168.10.21,104.18.32.47,63404,443,TCP,54,A
2026-07-06T16:00:46.561039,104.18.32.47,192.168.10.21,443,63404,TCP,122,PA
2026-07-06T16:00:46.576717,104.18.32.47,192.168.10.21,443,63404,TCP,241,PA
2026-07-06T16:00:46.577608,192.168.10.21,104.18.32.47,63404,443,TCP,54,A
2026-07-06T16:00:46.581807,104.18.32.47,192.168.10.21,443,63404,TCP,122,PA
2026-07-06T16:00:46.588159,104.18.32.47,192.168.10.21,443,63404,TCP,122,PA
2026-07-06T16:00:46.589052,192.168.10.21,104.18.32.47,63404,443,TCP,54,A
2026-07-06T16:00:46.589809,104.18.32.47,192.168.10.21,443,63404,TCP,122,PA
2026-07-06T16:00:46.593510,104.18.32.47,192.168.10.21,443,63404,TCP,122,PA
2026-07-06T16:00:46.594279,192.168.10.21,104.18.32.47,63404,443,TCP,54,A
2026-07-06T16:00:46.599483,104.18.32.47,192.168.10.21,443,63404,TCP,130,PA
2026-07-06T16:00:46.607675,104.18.32.47,192.168.10.21,443,63404,TCP,122,PA
2026-07-06T16:00:46.608589,192.168.10.21,104.18.32.47,63404,443,TCP,54,A
2026-07-06T16:00:46.611354,104.18.32.47,192.168.10.21,443,63404,TCP,122,PA
2026-07-06T16:00:46.615838,104.18.32.47,192.168.10.21,443,63404,TCP,122,PA
2026-07-06T16:00:46.616439,192.168.10.21,104.18.32.47,63404,443,TCP,54,A
2026-07-06T16:00:46.626314,213.217.31.179,192.168.10.21,443,49949,TCP,83,PA
2026-07-06T16:00:46.627246,104.18.32.47,192.168.10.21,443,63404,TCP,122,PA
2026-07-06T16:00:46.628319,104.18.32.47,192.168.10.21,443,63404,TCP,122,PA
2026-07-06T16:00:46.629100,192.168.10.21,104.18.32.47,63404,443,TCP,54,A
2026-07-06T16:00:46.629705,192.168.10.21,213.217.31.179,50587,443,TCP,56,PA
2026-07-06T16:00:46.630428,104.18.32.47,192.168.10.21,443,63404,TCP,122,PA
2026-07-06T16:00:46.631277,104.18.32.47,192.168.10.21,443,63404,TCP,122,PA
2026-07-06T16:00:46.632104,192.168.10.21,104.18.32.47,63404,443,TCP,54,A
2026-07-06T16:00:46.634521,104.18.32.47,192.168.10.21,443,63404,TCP,122,PA
2026-07-06T16:00:46.655149,104.18.32.47,192.168.10.21,443,63404,TCP,233,PA
2026-07-06T16:00:46.656056,192.168.10.21,104.18.32.47,63404,443,TCP,54,A
2026-07-06T16:00:46.660076,104.18.32.47,192.168.10.21,443,63404,TCP,159,PA
2026-07-06T16:00:46.662528,104.18.32.47,192.168.10.21,443,63404,TCP,122,PA
2026-07-06T16:00:46.663446,192.168.10.21,104.18.32.47,63404,443,TCP,54,A
2026-07-06T16:00:46.665738,104.18.32.47,192.168.10.21,443,63404,TCP,122,PA
2026-07-06T16:00:46.675086,192.168.10.21,213.217.31.179,49949,443,TCP,54,A
2026-07-06T16:00:46.676057,104.18.32.47,192.168.10.21,443,63404,TCP,122,PA
2026-07-06T16:00:46.676871,104.18.32.47,192.168.10.21,443,63404,TCP,122,PA
2026-07-06T16:00:46.677557,192.168.10.21,104.18.32.47,63404,443,TCP,54,A
2026-07-06T16:00:46.690129,104.18.32.47,192.168.10.21,443,63404,TCP,122,PA
2026-07-06T16:00:46.691191,104.18.32.47,192.168.10.21,443,63404,TCP,122,PA
2026-07-06T16:00:46.692155,104.18.32.47,192.168.10.21,443,63404,TCP,122,PA
2026-07-06T16:00:46.692990,192.168.10.21,104.18.32.47,63404,443,TCP,54,A
2026-07-06T16:00:46.693774,104.18.32.47,192.168.10.21,443,63404,TCP,159,PA
2026-07-06T16:00:46.698108,104.18.32.47,192.168.10.21,443,63404,TCP,122,PA
2026-07-06T16:00:46.698900,192.168.10.21,104.18.32.47,63404,443,TCP,54,A
2026-07-06T16:00:46.704860,104.18.32.47,192.168.10.21,443,63404,TCP,122,PA
2026-07-06T16:00:46.705750,104.18.32.47,192.168.10.21,443,63404,TCP,122,PA
2026-07-06T16:00:46.706381,192.168.10.21,104.18.32.47,63404,443,TCP,54,A
2026-07-06T16:00:46.715226,213.217.31.179,192.168.10.21,443,50587,TCP,56,PA
2026-07-06T16:00:46.715964,192.168.10.21,213.217.31.179,49949,443,TCP,83,PA
2026-07-06T16:00:46.721990,104.18.32.47,192.168.10.21,443,63404,TCP,204,PA
2026-07-06T16:00:46.734370,104.18.32.47,192.168.10.21,443,63404,TCP,196,PA
2026-07-06T16:00:46.735463,192.168.10.21,104.18.32.47,63404,443,TCP,54,A
2026-07-06T16:00:46.736462,104.18.32.47,192.168.10.21,443,63404,TCP,196,PA
2026-07-06T16:00:46.737766,104.18.32.47,192.168.10.21,443,63404,TCP,130,PA
2026-07-06T16:00:46.739132,192.168.10.21,104.18.32.47,63404,443,TCP,54,A
2026-07-06T16:00:46.739890,104.18.32.47,192.168.10.21,443,63404,TCP,122,PA
2026-07-06T16:00:46.741907,104.18.32.47,192.168.10.21,443,63404,TCP,122,PA
2026-07-06T16:00:46.742771,192.168.10.21,104.18.32.47,63404,443,TCP,54,A
2026-07-06T16:00:46.746246,104.18.32.47,192.168.10.21,443,63404,TCP,122,PA
2026-07-06T16:00:46.756223,104.18.32.47,192.168.10.21,443,63404,TCP,159,PA
2026-07-06T16:00:46.759098,192.168.10.21,104.18.32.47,63404,443,TCP,54,A
2026-07-06T16:00:46.767592,192.168.10.21,213.217.31.179,50587,443,TCP,54,A
2026-07-06T16:00:46.768653,104.18.32.47,192.168.10.21,443,63404,TCP,196,PA
2026-07-06T16:00:46.770019,104.18.32.47,192.168.10.21,443,63404,TCP,130,PA
2026-07-06T16:00:46.770909,192.168.10.21,104.18.32.47,63404,443,TCP,54,A
2026-07-06T16:00:46.776302,104.18.32.47,192.168.10.21,443,63404,TCP,130,PA
2026-07-06T16:00:46.800773,213.217.31.179,192.168.10.21,443,49949,TCP,54,A
2026-07-06T16:00:46.828982,192.168.10.21,104.18.32.47,63404,443,TCP,54,A
2026-07-06T16:00:46.904903,104.18.32.47,192.168.10.21,443,63404,TCP,233,PA
2026-07-06T16:00:46.905911,104.18.32.47,192.168.10.21,443,63404,TCP,241,PA
2026-07-06T16:00:46.906778,104.18.32.47,192.168.10.21,443,63404,TCP,709,PA
2026-07-06T16:00:46.907560,104.18.32.47,192.168.10.21,443,63404,TCP,241,PA
2026-07-06T16:00:46.908332,192.168.10.21,104.18.32.47,63404,443,TCP,54,A
2026-07-06T16:00:46.909143,104.18.32.47,192.168.10.21,443,63404,TCP,233,PA
2026-07-06T16:00:46.909965,104.18.32.47,192.168.10.21,443,63404,TCP,122,PA
2026-07-06T16:00:46.910664,192.168.10.21,104.18.32.47,63404,443,TCP,54,A
2026-07-06T16:00:46.920679,104.18.32.47,192.168.10.21,443,63404,TCP,122,PA
2026-07-06T16:00:46.921697,104.18.32.47,192.168.10.21,443,63404,TCP,122,PA
2026-07-06T16:00:46.922670,104.18.32.47,192.168.10.21,443,63404,TCP,122,PA
2026-07-06T16:00:46.923467,104.18.32.47,192.168.10.21,443,63404,TCP,122,PA
2026-07-06T16:00:46.924198,192.168.10.21,104.18.32.47,63404,443,TCP,54,A
2026-07-06T16:00:46.925599,104.18.32.47,192.168.10.21,443,63404,TCP,122,PA
2026-07-06T16:00:46.930504,104.18.32.47,192.168.10.21,443,63404,TCP,122,PA
2026-07-06T16:00:46.931374,192.168.10.21,104.18.32.47,63404,443,TCP,54,A
2026-07-06T16:00:46.933369,104.18.32.47,192.168.10.21,443,63404,TCP,122,PA
2026-07-06T16:00:46.934856,104.18.32.47,192.168.10.21,443,63404,TCP,122,PA
2026-07-06T16:00:46.935877,192.168.10.21,104.18.32.47,63404,443,TCP,54,A
2026-07-06T16:00:46.941389,104.18.32.47,192.168.10.21,443,63404,TCP,122,PA
2026-07-06T16:00:46.947680,104.18.32.47,192.168.10.21,443,63404,TCP,122,PA
2026-07-06T16:00:46.948589,192.168.10.21,104.18.32.47,63404,443,TCP,54,A
2026-07-06T16:00:46.971392,104.18.32.47,192.168.10.21,443,63404,TCP,233,PA
2026-07-06T16:00:46.976461,104.18.32.47,192.168.10.21,443,63404,TCP,159,PA
2026-07-06T16:00:46.977389,192.168.10.21,104.18.32.47,63404,443,TCP,54,A
2026-07-06T16:00:46.982718,104.18.32.47,192.168.10.21,443,63404,TCP,204,PA
2026-07-06T16:00:46.997619,104.18.32.47,192.168.10.21,443,63404,TCP,122,PA
2026-07-06T16:00:46.998452,192.168.10.21,104.18.32.47,63404,443,TCP,54,A
2026-07-06T16:00:46.999172,104.18.32.47,192.168.10.21,443,63404,TCP,130,PA
2026-07-06T16:00:47.003802,104.18.32.47,192.168.10.21,443,63404,TCP,122,PA
2026-07-06T16:00:47.004656,192.168.10.21,104.18.32.47,63404,443,TCP,54,A
2026-07-06T16:00:47.023412,104.18.32.47,192.168.10.21,443,63404,TCP,204,PA
2026-07-06T16:00:47.024286,104.18.32.47,192.168.10.21,443,63404,TCP,122,PA
2026-07-06T16:00:47.024821,192.168.10.21,104.18.32.47,63404,443,TCP,54,A
2026-07-06T16:00:47.027260,104.18.32.47,192.168.10.21,443,63404,TCP,122,PA
2026-07-06T16:00:47.044581,104.18.32.47,192.168.10.21,443,63404,TCP,122,PA
2026-07-06T16:00:47.045450,192.168.10.21,104.18.32.47,63404,443,TCP,54,A
2026-07-06T16:00:47.046104,104.18.32.47,192.168.10.21,443,63404,TCP,130,PA
2026-07-06T16:00:47.046679,104.18.32.47,192.168.10.21,443,63404,TCP,122,PA
2026-07-06T16:00:47.047159,192.168.10.21,104.18.32.47,63404,443,TCP,54,A
2026-07-06T16:00:47.052775,104.18.32.47,192.168.10.21,443,63404,TCP,122,PA
2026-07-06T16:00:47.055867,104.18.32.47,192.168.10.21,443,63404,TCP,122,PA
2026-07-06T16:00:47.056759,192.168.10.21,104.18.32.47,63404,443,TCP,54,A
2026-07-06T16:00:47.061187,104.18.32.47,192.168.10.21,443,63404,TCP,122,PA
2026-07-06T16:00:47.065693,104.18.32.47,192.168.10.21,443,63404,TCP,122,PA
2026-07-06T16:00:47.066505,192.168.10.21,104.18.32.47,63404,443,TCP,54,A
2026-07-06T16:00:47.068138,104.18.32.47,192.168.10.21,443,63404,TCP,122,PA
2026-07-06T16:00:47.072363,104.18.32.47,192.168.10.21,443,63404,TCP,130,PA
2026-07-06T16:00:47.073068,192.168.10.21,104.18.32.47,63404,443,TCP,54,A
2026-07-06T16:00:47.077162,104.18.32.47,192.168.10.21,443,63404,TCP,122,PA
2026-07-06T16:00:47.081376,104.18.32.47,192.168.10.21,443,63404,TCP,122,PA
2026-07-06T16:00:47.082363,192.168.10.21,104.18.32.47,63404,443,TCP,54,A
2026-07-06T16:00:47.088482,104.18.32.47,192.168.10.21,443,63404,TCP,122,PA
2026-07-06T16:00:47.089618,192.168.10.21,213.217.31.179,49948,443,TCP,55,A
2026-07-06T16:00:47.091935,104.18.32.47,192.168.10.21,443,63404,TCP,122,PA
2026-07-06T16:00:47.092525,192.168.10.21,104.18.32.47,63404,443,TCP,54,A
2026-07-06T16:00:47.098895,104.18.32.47,192.168.10.21,443,63404,TCP,122,PA
2026-07-06T16:00:47.104964,104.18.32.47,192.168.10.21,443,63404,TCP,122,PA
2026-07-06T16:00:47.105687,192.168.10.21,104.18.32.47,63404,443,TCP,54,A
2026-07-06T16:00:47.113087,104.18.32.47,192.168.10.21,443,63404,TCP,122,PA
2026-07-06T16:00:47.119918,104.18.32.47,192.168.10.21,443,63404,TCP,130,PA
2026-07-06T16:00:47.121187,192.168.10.21,104.18.32.47,63404,443,TCP,54,A
2026-07-06T16:00:47.124333,104.18.32.47,192.168.10.21,443,63404,TCP,130,PA
2026-07-06T16:04:40.842845,192.168.10.21,57.144.120.145,63470,443,TCP,54,A
2026-07-06T16:04:41.258548,213.217.31.179,192.168.10.21,443,49948,TCP,88,PA
2026-07-06T16:04:41.259448,192.168.10.21,213.217.31.179,50194,443,TCP,66,S
2026-07-06T16:04:41.305373,192.168.10.21,213.217.31.179,49948,443,TCP,54,A
2026-07-06T16:04:41.346138,213.217.31.179,192.168.10.21,443,50194,TCP,66,SA
2026-07-06T16:04:41.346970,192.168.10.21,213.217.31.179,50194,443,TCP,54,A
2026-07-06T16:04:41.347594,192.168.10.21,213.217.31.179,50194,443,TCP,54,A
2026-07-06T16:04:41.348229,192.168.10.21,213.217.31.179,49949,443,TCP,81,PA
2026-07-06T16:04:41.348856,192.168.10.21,213.217.31.179,49948,443,TCP,89,PA
2026-07-06T16:04:41.432359,213.217.31.179,192.168.10.21,443,49949,TCP,54,A
2026-07-06T16:04:41.435058,213.217.31.179,192.168.10.21,443,49949,TCP,150,PA
2026-07-06T16:04:41.435692,213.217.31.179,192.168.10.21,443,49948,TCP,54,A
2026-07-06T16:04:41.436423,192.168.10.21,213.217.31.179,50194,443,TCP,123,PA
2026-07-06T16:04:41.437194,192.168.10.21,213.217.31.179,49948,443,TCP,89,PA
2026-07-06T16:04:41.477347,192.168.10.21,213.217.31.179,49949,443,TCP,54,A
2026-07-06T16:04:41.523379,213.217.31.179,192.168.10.21,443,50194,TCP,54,A
2026-07-06T16:04:41.524083,213.217.31.179,192.168.10.21,443,49948,TCP,54,A
2026-07-06T16:04:41.524645,213.217.31.179,192.168.10.21,443,50194,TCP,123,PA
2026-07-06T16:04:41.525258,192.168.10.21,213.217.31.179,49949,443,TCP,150,PA
2026-07-06T16:04:41.570492,192.168.10.21,213.217.31.179,50194,443,TCP,54,A
2026-07-06T16:04:41.588244,192.168.10.21,192.168.10.1,50197,53,TCP,66,S
2026-07-06T16:04:41.589386,192.168.10.21,192.168.10.1,50198,53,TCP,66,S
2026-07-06T16:04:41.590086,192.168.10.1,192.168.10.21,53,50197,TCP,66,SA
2026-07-06T16:04:41.591068,192.168.10.21,192.168.10.1,50197,53,TCP,54,A
2026-07-06T16:04:41.592114,192.168.10.21,192.168.10.1,50197,53,TCP,56,PA
2026-07-06T16:04:41.593268,192.168.10.21,192.168.10.1,50197,53,TCP,91,PA
2026-07-06T16:04:41.594556,192.168.10.1,192.168.10.21,53,50198,TCP,66,SA
2026-07-06T16:04:41.595103,192.168.10.21,192.168.10.1,50198,53,TCP,54,A
2026-07-06T16:04:41.595767,192.168.10.21,192.168.10.1,50198,53,TCP,56,PA
2026-07-06T16:04:41.596340,192.168.10.1,192.168.10.21,53,50197,TCP,54,A
2026-07-06T16:04:41.596930,192.168.10.1,192.168.10.21,53,50197,TCP,54,A
2026-07-06T16:04:41.597539,192.168.10.21,192.168.10.1,50198,53,TCP,91,PA
2026-07-06T16:04:41.598122,192.168.10.1,192.168.10.21,53,50198,TCP,54,A
2026-07-06T16:04:41.598783,192.168.10.1,192.168.10.21,53,50197,TCP,93,PA
2026-07-06T16:04:41.599393,192.168.10.1,192.168.10.21,53,50198,TCP,54,A
2026-07-06T16:04:41.600044,192.168.10.21,192.168.10.1,50199,53,TCP,66,S
2026-07-06T16:04:41.600595,192.168.10.1,192.168.10.21,53,50199,TCP,66,SA
2026-07-06T16:04:41.601184,192.168.10.21,192.168.10.1,50199,53,TCP,54,A
2026-07-06T16:04:41.602005,192.168.10.21,192.168.10.1,50199,53,TCP,56,PA
2026-07-06T16:04:41.602652,192.168.10.21,192.168.10.1,50199,53,TCP,91,PA
2026-07-06T16:04:41.603282,192.168.10.1,192.168.10.21,53,50198,TCP,93,PA
2026-07-06T16:04:41.603979,192.168.10.21,192.168.10.1,50200,53,TCP,66,S
2026-07-06T16:04:41.604771,192.168.10.1,192.168.10.21,53,50199,TCP,54,A
2026-07-06T16:04:41.605534,192.168.10.1,192.168.10.21,53,50199,TCP,54,A
2026-07-06T16:04:41.606144,192.168.10.1,192.168.10.21,53,50200,TCP,66,SA
2026-07-06T16:04:41.606655,192.168.10.21,192.168.10.1,50200,53,TCP,54,A
2026-07-06T16:04:41.607224,192.168.10.21,192.168.10.1,50200,53,TCP,56,PA
2026-07-06T16:04:41.607861,192.168.10.21,192.168.10.1,50200,53,TCP,91,PA
2026-07-06T16:04:41.608588,192.168.10.1,192.168.10.21,53,50200,TCP,54,A
2026-07-06T16:04:41.609565,192.168.10.1,192.168.10.21,53,50200,TCP,54,A
2026-07-06T16:04:41.611265,192.168.10.1,192.168.10.21,53,50199,TCP,93,PA
2026-07-06T16:04:41.612076,192.168.10.21,192.168.10.1,50199,53,TCP,54,FA
2026-07-06T16:04:41.612673,192.168.10.21,192.168.10.1,50197,53,TCP,54,FA
2026-07-06T16:04:41.613264,192.168.10.1,192.168.10.21,53,50199,TCP,54,FA
2026-07-06T16:04:41.613769,192.168.10.1,192.168.10.21,53,50197,TCP,54,FA
2026-07-06T16:04:41.614287,192.168.10.21,192.168.10.1,50199,53,TCP,54,A
2026-07-06T16:04:41.614814,192.168.10.21,192.168.10.1,50197,53,TCP,54,A
2026-07-06T16:04:41.615423,192.168.10.1,192.168.10.21,53,50200,TCP,93,PA
2026-07-06T16:04:41.615931,192.168.10.21,192.168.10.1,50200,53,TCP,54,FA
2026-07-06T16:04:41.616472,192.168.10.21,192.168.10.1,50198,53,TCP,54,FA
2026-07-06T16:04:41.617135,192.168.10.1,192.168.10.21,53,50200,TCP,54,FA
2026-07-06T16:04:41.617704,192.168.10.21,192.168.10.1,50200,53,TCP,54,A
2026-07-06T16:04:41.618358,192.168.10.1,192.168.10.21,53,50198,TCP,54,FA
2026-07-06T16:04:41.618902,192.168.10.21,192.168.10.1,50198,53,TCP,54,A
2026-07-06T16:04:41.619576,192.168.10.21,192.168.10.1,54790,53,UDP,79,
2026-07-06T16:04:41.620140,213.217.31.179,192.168.10.21,443,49949,TCP,54,A
2026-07-06T16:04:41.621392,213.217.31.179,192.168.10.21,443,49949,TCP,83,PA
2026-07-06T16:04:41.622268,213.217.31.179,192.168.10.21,443,49948,TCP,89,PA
2026-07-06T16:04:41.622867,192.168.10.21,213.217.31.179,50194,443,TCP,56,PA
2026-07-06T16:04:41.663414,192.168.10.21,213.217.31.179,49948,443,TCP,54,A
2026-07-06T16:04:41.664342,192.168.10.21,213.217.31.179,49949,443,TCP,54,A
2026-07-06T16:04:41.709268,213.217.31.179,192.168.10.21,443,50194,TCP,54,A
2026-07-06T16:04:41.710406,213.217.31.179,192.168.10.21,443,50194,TCP,56,PA
2026-07-06T16:04:41.711272,192.168.10.21,213.217.31.179,49949,443,TCP,83,PA
2026-07-06T16:04:41.712086,192.168.10.21,57.144.120.192,64656,443,TCP,86,PA
2026-07-06T16:04:41.714278,192.168.10.21,104.16.102.112,51816,443,TCP,96,PA
2026-07-06T16:04:41.715738,192.168.10.21,104.16.102.112,52027,443,TCP,96,PA
2026-07-06T16:04:41.756931,192.168.10.21,213.217.31.179,50194,443,TCP,54,A
2026-07-06T16:04:41.762255,104.16.102.112,192.168.10.21,443,52027,TCP,54,A
2026-07-06T16:04:41.763273,104.16.102.112,192.168.10.21,443,51816,TCP,54,A
2026-07-06T16:04:41.783229,57.144.120.192,192.168.10.21,443,64656,TCP,82,PA
2026-07-06T16:04:41.799281,213.217.31.179,192.168.10.21,443,49949,TCP,54,A
2026-07-06T16:04:41.834876,192.168.10.21,57.144.120.192,64656,443,TCP,54,A
2026-07-06T16:04:41.855804,104.16.102.112,192.168.10.21,443,52027,TCP,92,PA
2026-07-06T16:04:41.860788,104.16.102.112,192.168.10.21,443,51816,TCP,92,PA
2026-07-06T16:04:41.863291,192.168.10.21,95.216.15.31,49001,4001,TCP,88,PA
2026-07-06T16:04:41.910160,192.168.10.21,104.16.102.112,52027,443,TCP,54,A
2026-07-06T16:04:41.910978,192.168.10.21,104.16.102.112,51816,443,TCP,54,A
2026-07-06T16:04:41.957458,192.168.10.21,192.168.10.1,54790,53,UDP,79,
2026-07-06T16:04:41.958410,95.216.15.31,192.168.10.21,4001,49001,TCP,54,A
2026-07-06T16:04:41.959190,95.216.15.31,192.168.10.21,4001,49001,TCP,88,PA
2026-07-06T16:04:41.959820,13.200.249.191,192.168.10.21,4001,49001,TCP,54,A
2026-07-06T16:04:41.960444,192.168.10.21,13.200.249.191,49001,4001,TCP,54,A
2026-07-06T16:04:41.978168,95.216.15.31,192.168.10.21,4001,49001,TCP,88,PA
2026-07-06T16:04:41.979007,192.168.10.21,95.216.15.31,49001,4001,TCP,54,A
2026-07-06T16:04:41.979592,192.168.10.21,95.216.15.31,49001,4001,TCP,88,PA
2026-07-06T16:04:41.980897,192.168.10.1,192.168.10.21,53,54790,UDP,119,
2026-07-06T16:04:41.981618,192.168.10.21,142.251.142.78,60543,443,UDP,1292,
2026-07-06T16:04:41.982380,192.168.10.21,142.251.142.78,60543,443,UDP,1292,
2026-07-06T16:04:41.983051,192.168.10.21,142.251.142.78,60543,443,UDP,123,
2026-07-06T16:04:42.025742,142.251.142.78,192.168.10.21,443,60543,UDP,82,
2026-07-06T16:04:42.029589,142.251.142.78,192.168.10.21,443,60543,UDP,1292,
2026-07-06T16:04:42.041946,142.251.142.78,192.168.10.21,443,60543,UDP,1292,
2026-07-06T16:04:42.042804,142.251.142.78,192.168.10.21,443,60543,UDP,328,
2026-07-06T16:04:42.043587,142.251.142.78,192.168.10.21,443,60543,UDP,994,
2026-07-06T16:04:42.044441,192.168.10.21,142.251.142.78,60543,443,UDP,120,
2026-07-06T16:04:42.045093,192.168.10.21,142.251.142.78,60543,443,UDP,73,
2026-07-06T16:04:42.045638,192.168.10.21,142.251.142.78,60543,443,UDP,1288,
2026-07-06T16:04:42.046216,192.168.10.21,142.251.142.78,60543,443,UDP,663,
2026-07-06T16:04:42.051434,142.251.142.78,192.168.10.21,443,60543,UDP,67,
2026-07-06T16:04:42.086804,142.251.142.78,192.168.10.21,443,60543,UDP,162,
2026-07-06T16:04:42.088240,142.251.142.78,192.168.10.21,443,60543,UDP,71,
2026-07-06T16:04:42.089511,142.251.142.78,192.168.10.21,443,60543,UDP,67,
2026-07-06T16:04:42.090196,192.168.10.21,142.251.142.78,60543,443,UDP,74,
2026-07-06T16:04:42.111946,142.251.142.78,192.168.10.21,443,60543,UDP,373,
2026-07-06T16:04:42.113041,95.216.15.31,192.168.10.21,4001,49001,TCP,54,A
2026-07-06T16:04:42.113796,142.251.142.78,192.168.10.21,443,60543,UDP,75,
2026-07-06T16:04:42.114596,142.251.142.78,192.168.10.21,443,60543,UDP,64,
2026-07-06T16:04:42.115360,192.168.10.21,142.251.142.78,60543,443,UDP,77,
2026-07-06T16:04:42.121083,192.168.10.21,192.168.10.1,50202,53,TCP,66,S
2026-07-06T16:04:42.122638,192.168.10.21,192.168.10.1,50203,53,TCP,66,S
2026-07-06T16:04:42.123537,192.168.10.1,192.168.10.21,53,50202,TCP,66,SA
2026-07-06T16:04:42.124157,192.168.10.21,192.168.10.1,50202,53,TCP,54,A
2026-07-06T16:04:42.124793,192.168.10.21,192.168.10.1,50202,53,TCP,56,PA
2026-07-06T16:04:42.125529,192.168.10.21,192.168.10.1,50202,53,TCP,106,PA
2026-07-06T16:04:42.126188,192.168.10.1,192.168.10.21,53,50203,TCP,66,SA
2026-07-06T16:04:42.126735,192.168.10.1,192.168.10.21,53,50202,TCP,54,A
2026-07-06T16:04:42.127303,192.168.10.1,192.168.10.21,53,50202,TCP,54,A
2026-07-06T16:04:42.128215,192.168.10.21,192.168.10.1,50203,53,TCP,54,A
2026-07-06T16:04:42.128752,192.168.10.21,192.168.10.1,50203,53,TCP,56,PA
2026-07-06T16:04:42.129340,192.168.10.21,192.168.10.1,50203,53,TCP,106,PA
2026-07-06T16:04:42.132907,192.168.10.1,192.168.10.21,53,50202,TCP,108,PA
2026-07-06T16:04:42.133515,192.168.10.1,192.168.10.21,53,50203,TCP,54,A
2026-07-06T16:04:42.134146,192.168.10.1,192.168.10.21,53,50203,TCP,54,A
2026-07-06T16:04:42.135591,192.168.10.1,192.168.10.21,53,50203,TCP,172,PA
2026-07-06T16:04:42.136259,192.168.10.21,192.168.10.1,50203,53,TCP,54,FA
2026-07-06T16:04:42.136986,192.168.10.21,192.168.10.1,50204,53,TCP,66,S
2026-07-06T16:04:42.137624,192.168.10.1,192.168.10.21,53,50203,TCP,54,FA
2026-07-06T16:04:42.138206,192.168.10.21,192.168.10.1,50203,53,TCP,54,A
2026-07-06T16:04:42.138900,192.168.10.1,192.168.10.21,53,50204,TCP,66,SA
2026-07-06T16:04:42.139572,192.168.10.21,192.168.10.1,50204,53,TCP,54,A
2026-07-06T16:04:42.140665,192.168.10.21,192.168.10.1,50204,53,TCP,56,PA
2026-07-06T16:04:42.141904,192.168.10.21,192.168.10.1,50204,53,TCP,106,PA
2026-07-06T16:04:42.142738,192.168.10.1,192.168.10.21,53,50204,TCP,54,A
2026-07-06T16:04:42.143961,192.168.10.1,192.168.10.21,53,50204,TCP,54,A
2026-07-06T16:04:42.144785,192.168.10.1,192.168.10.21,53,50204,TCP,108,PA
2026-07-06T16:04:42.145300,192.168.10.21,192.168.10.1,50204,53,TCP,54,FA
2026-07-06T16:04:42.145760,192.168.10.21,192.168.10.1,50202,53,TCP,54,FA
2026-07-06T16:04:42.146282,192.168.10.21,142.251.142.78,60543,443,UDP,74,
2026-07-06T16:04:42.146914,192.168.10.21,216.239.38.223,55604,443,UDP,1292,
2026-07-06T16:04:42.147677,192.168.10.21,216.239.38.223,55604,443,UDP,1292,
2026-07-06T16:04:42.148374,192.168.10.21,216.239.38.223,55604,443,UDP,1292,
2026-07-06T16:04:42.149018,192.168.10.1,192.168.10.21,53,50204,TCP,54,FA
2026-07-06T16:04:42.149562,192.168.10.1,192.168.10.21,53,50202,TCP,54,FA
2026-07-06T16:04:42.150109,192.168.10.21,192.168.10.1,50204,53,TCP,54,A
2026-07-06T16:04:42.150674,192.168.10.21,192.168.10.1,50202,53,TCP,54,A
2026-07-06T16:04:42.151465,192.168.10.21,216.239.38.223,55604,443,UDP,123,
2026-07-06T16:04:42.184586,142.251.142.78,192.168.10.21,443,60543,UDP,66,
2026-07-06T16:04:42.185568,216.239.38.223,192.168.10.21,443,55604,UDP,82,
2026-07-06T16:04:42.186942,216.239.38.223,192.168.10.21,443,55604,UDP,82,
2026-07-06T16:04:42.188211,216.239.38.223,192.168.10.21,443,55604,UDP,1292,
2026-07-06T16:04:42.189149,216.239.38.223,192.168.10.21,443,55604,UDP,1292,
2026-07-06T16:04:42.204153,216.239.38.223,192.168.10.21,443,55604,UDP,1292,
2026-07-06T16:04:42.205776,216.239.38.223,192.168.10.21,443,55604,UDP,336,
2026-07-06T16:04:42.206716,216.239.38.223,192.168.10.21,443,55604,UDP,998,
2026-07-06T16:04:42.207550,216.239.38.223,192.168.10.21,443,55604,UDP,123,
2026-07-06T16:04:42.208242,192.168.10.21,216.239.38.223,55604,443,UDP,1292,
2026-07-06T16:04:42.208889,192.168.10.21,216.239.38.223,55604,443,UDP,73,
2026-07-06T16:04:42.209613,192.168.10.21,216.239.38.223,55604,443,UDP,762,
2026-07-06T16:04:42.212660,216.239.38.223,192.168.10.21,443,55604,UDP,66,
2026-07-06T16:04:42.257636,216.239.38.223,192.168.10.21,443,55604,UDP,162,
2026-07-06T16:04:42.259133,216.239.38.223,192.168.10.21,443,55604,UDP,71,
2026-07-06T16:04:42.260067,192.168.10.21,216.239.38.223,55604,443,UDP,74,
2026-07-06T16:04:42.297219,192.168.10.21,192.168.10.1,62215,53,UDP,92,
2026-07-06T16:04:42.301357,216.239.38.223,192.168.10.21,443,55604,UDP,727,
2026-07-06T16:04:42.302252,216.239.38.223,192.168.10.21,443,55604,UDP,113,
2026-07-06T16:04:42.303117,192.168.10.21,216.239.38.223,55604,443,UDP,77,
2026-07-06T16:04:42.378664,216.239.38.223,192.168.10.21,443,55604,UDP,66,
2026-07-06T16:04:42.654967,192.168.10.21,192.168.10.1,62215,53,UDP,92,
2026-07-06T16:04:42.955074,192.168.10.21,52.168.117.171,50950,443,TCP,173,PA
2026-07-06T16:04:42.958576,192.168.10.21,52.168.117.171,50950,443,TCP,16460,PA
2026-07-06T16:04:42.960605,192.168.10.21,52.168.117.171,50950,443,TCP,2419,PA
2026-07-06T16:04:43.088007,52.168.117.171,192.168.10.21,443,50950,TCP,54,A
2026-07-06T16:04:43.090014,52.168.117.171,192.168.10.21,443,50950,TCP,54,A
2026-07-06T16:04:43.092214,52.168.117.171,192.168.10.21,443,50950,TCP,54,A
2026-07-06T16:04:43.093697,52.168.117.171,192.168.10.21,443,50950,TCP,54,A
2026-07-06T16:04:43.095115,52.168.117.171,192.168.10.21,443,50950,TCP,54,A
2026-07-06T16:04:43.096166,52.168.117.171,192.168.10.21,443,50950,TCP,54,A
2026-07-06T16:04:43.097225,52.168.117.171,192.168.10.21,443,50950,TCP,148,PA
2026-07-06T16:04:43.138468,192.168.10.21,52.168.117.171,50950,443,TCP,54,A
2026-07-06T16:04:43.325079,192.168.10.21,80.83.19.11,49302,443,TCP,55,A
2026-07-06T16:04:43.333935,80.83.19.11,192.168.10.21,443,49302,TCP,66,A
2026-07-06T16:04:43.604799,192.168.10.21,104.18.30.173,50144,443,TCP,55,A
2026-07-06T16:04:43.651694,104.18.30.173,192.168.10.21,443,50144,TCP,66,A
2026-07-06T16:04:43.668526,192.168.10.21,192.168.10.1,62215,53,UDP,92,
2026-07-06T16:04:43.689796,192.168.10.1,192.168.10.21,53,62215,UDP,212,
2026-07-06T16:04:43.694848,192.168.10.21,20.42.65.90,50205,443,TCP,66,S
2026-07-06T16:04:43.697685,192.168.10.21,80.83.19.11,49301,443,TCP,55,A
2026-07-06T16:04:43.705080,80.83.19.11,192.168.10.21,443,49301,TCP,66,A
2026-07-06T16:04:43.713552,192.168.10.21,57.144.120.145,64654,443,TCP,83,PA
2026-07-06T16:04:43.714545,192.168.10.21,57.144.120.145,64655,443,TCP,85,PA
2026-07-06T16:04:43.758389,57.144.120.145,192.168.10.21,443,64655,TCP,54,A
2026-07-06T16:04:43.759541,57.144.120.145,192.168.10.21,443,64654,TCP,54,A
2026-07-06T16:04:43.789114,192.168.10.21,24.69.68.156,49001,4001,TCP,88,PA
2026-07-06T16:04:43.803284,57.144.120.145,192.168.10.21,443,64654,TCP,79,PA
2026-07-06T16:04:43.830167,20.42.65.90,192.168.10.21,443,50205,TCP,66,SA
2026-07-06T16:04:43.831807,192.168.10.21,20.42.65.90,50205,443,TCP,54,A
2026-07-06T16:04:43.833115,192.168.10.21,20.42.65.90,50205,443,TCP,571,PA
2026-07-06T16:04:43.855170,192.168.10.21,57.144.120.145,64654,443,TCP,54,A
2026-07-06T16:04:43.856184,57.144.120.145,192.168.10.21,443,64655,TCP,79,PA
2026-07-06T16:04:43.902501,192.168.10.21,57.144.120.145,64655,443,TCP,54,A
2026-07-06T16:04:43.971766,20.42.65.90,192.168.10.21,443,50205,TCP,153,PA
2026-07-06T16:04:43.973437,192.168.10.21,20.42.65.90,50205,443,TCP,491,PA
2026-07-06T16:04:44.001085,24.69.68.156,192.168.10.21,4001,49001,TCP,88,PA
2026-07-06T16:04:44.040628,192.168.10.21,80.83.19.11,49300,443,TCP,55,A
2026-07-06T16:04:44.048546,80.83.19.11,192.168.10.21,443,49300,TCP,66,A
2026-07-06T16:04:44.055767,192.168.10.21,24.69.68.156,49001,4001,TCP,54,A
2026-07-06T16:04:44.107490,104.16.102.112,192.168.10.21,443,51816,TCP,92,PA
2026-07-06T16:04:44.108941,192.168.10.21,104.16.102.112,51816,443,TCP,96,PA
2026-07-06T16:04:44.157164,104.16.102.112,192.168.10.21,443,51816,TCP,54,A
2026-07-06T16:04:44.159011,20.42.65.90,192.168.10.21,443,50205,TCP,1454,A
2026-07-06T16:04:44.160673,20.42.65.90,192.168.10.21,443,50205,TCP,1454,A
2026-07-06T16:04:44.161996,20.42.65.90,192.168.10.21,443,50205,TCP,1454,A
2026-07-06T16:04:44.163117,20.42.65.90,192.168.10.21,443,50205,TCP,1454,A
2026-07-06T16:04:44.164201,20.42.65.90,192.168.10.21,443,50205,TCP,1091,PA
2026-07-06T16:04:44.165222,192.168.10.21,20.42.65.90,50205,443,TCP,54,A
2026-07-06T16:04:44.166280,192.168.10.21,20.42.65.90,50205,443,TCP,2167,PA
2026-07-06T16:04:44.305592,20.42.65.90,192.168.10.21,443,50205,TCP,54,A
2026-07-06T16:04:44.307699,20.42.65.90,192.168.10.21,443,50205,TCP,157,PA
2026-07-06T16:04:44.349525,192.168.10.21,20.42.65.90,50205,443,TCP,54,A
2026-07-06T16:04:44.490770,192.168.10.21,167.99.86.17,49001,4001,TCP,88,PA
2026-07-06T16:04:44.545455,20.42.65.90,192.168.10.21,443,50205,TCP,519,FPA
2026-07-06T16:04:44.546200,192.168.10.21,20.42.65.90,50205,443,TCP,54,A
2026-07-06T16:04:44.546829,192.168.10.21,20.42.65.90,50205,443,TCP,78,PA
2026-07-06T16:04:44.547316,192.168.10.21,20.42.65.90,50205,443,TCP,54,FA
2026-07-06T16:04:44.551327,167.99.86.17,192.168.10.21,4001,49001,TCP,54,A
2026-07-06T16:04:44.552129,167.99.86.17,192.168.10.21,4001,49001,TCP,88,PA
2026-07-06T16:04:44.598811,192.168.10.21,167.99.86.17,49001,4001,TCP,54,A
2026-07-06T16:04:44.681022,20.42.65.90,192.168.10.21,443,50205,TCP,54,A
2026-07-06T16:04:44.706798,192.168.10.21,57.144.120.145,64649,443,TCP,83,PA
2026-07-06T16:04:44.752337,192.168.10.21,52.123.243.17,50109,443,TCP,54,FA
2026-07-06T16:04:44.779302,57.144.120.145,192.168.10.21,443,64649,TCP,79,PA
2026-07-06T16:04:44.797243,192.168.10.19,224.0.0.252,,,OTHER,46,
2026-07-06T16:04:44.798288,52.123.243.17,192.168.10.21,443,50109,TCP,54,FA
2026-07-06T16:04:44.799031,192.168.10.21,52.123.243.17,50109,443,TCP,54,A
2026-07-06T16:04:44.829450,192.168.10.21,57.144.120.145,64649,443,TCP,54,A
2026-07-06T16:04:44.942106,192.168.10.21,174.136.97.179,49001,4001,TCP,88,PA
2026-07-06T16:04:45.016001,192.168.10.21,199.232.80.193,49308,443,TCP,55,A
2026-07-06T16:04:45.027283,192.168.10.21,179.210.138.21,49001,48891,TCP,88,PA
2026-07-06T16:04:45.076772,199.232.80.193,192.168.10.21,443,49308,TCP,66,A
2026-07-06T16:04:45.127068,192.168.10.21,52.168.117.171,50950,443,TCP,173,PA
2026-07-06T16:04:45.128640,192.168.10.21,52.168.117.171,50950,443,TCP,16460,PA
2026-07-06T16:04:45.129624,192.168.10.21,52.168.117.171,50950,443,TCP,7793,PA
2026-07-06T16:04:45.134925,174.136.97.179,192.168.10.21,4001,49001,TCP,88,PA
2026-07-06T16:04:45.135681,174.136.97.179,192.168.10.21,4001,49001,TCP,54,A
2026-07-06T16:04:45.136664,192.168.10.21,174.136.97.179,49001,4001,TCP,88,PA
2026-07-06T16:04:45.137522,174.136.97.179,192.168.10.21,4001,49001,TCP,88,PA
2026-07-06T16:04:45.187052,192.168.10.21,174.136.97.179,49001,4001,TCP,54,A
2026-07-06T16:04:45.206764,192.168.10.1,224.0.0.1,,,OTHER,46,
2026-07-06T16:05:32.040943,192.168.10.21,80.83.19.16,49311,443,TCP,55,A
2026-07-06T16:05:32.048339,80.83.19.16,192.168.10.21,443,49311,TCP,66,A
2026-07-06T16:05:32.163887,192.168.10.21,74.125.71.188,63495,5228,TCP,55,A
2026-07-06T16:05:32.213138,192.168.10.21,58.152.54.3,49001,58751,TCP,88,PA
2026-07-06T16:05:32.228522,74.125.71.188,192.168.10.21,5228,63495,TCP,66,A
2026-07-06T16:05:32.512902,58.152.54.3,192.168.10.21,58751,49001,TCP,54,A
2026-07-06T16:05:32.513685,58.152.54.3,192.168.10.21,58751,49001,TCP,88,PA
2026-07-06T16:05:32.514307,213.217.31.179,192.168.10.21,443,49949,TCP,83,PA
2026-07-06T16:05:32.514840,192.168.10.21,213.217.31.179,50194,443,TCP,56,PA
2026-07-06T16:05:32.564985,192.168.10.21,58.152.54.3,49001,58751,TCP,54,A
2026-07-06T16:05:32.565799,192.168.10.21,213.217.31.179,49949,443,TCP,54,A
2026-07-06T16:05:32.566601,192.168.10.21,52.168.117.171,50950,443,TCP,173,PA
2026-07-06T16:05:32.567508,192.168.10.21,52.168.117.171,50950,443,TCP,13444,PA
2026-07-06T16:05:32.641310,213.217.31.179,192.168.10.21,443,50194,TCP,56,PA
2026-07-06T16:05:32.642077,192.168.10.21,213.217.31.179,49949,443,TCP,83,PA
2026-07-06T16:05:32.689955,192.168.10.21,213.217.31.179,50194,443,TCP,54,A
2026-07-06T16:05:32.706055,52.168.117.171,192.168.10.21,443,50950,TCP,54,A
2026-07-06T16:05:32.707126,52.168.117.171,192.168.10.21,443,50950,TCP,54,A
2026-07-06T16:05:32.707792,52.168.117.171,192.168.10.21,443,50950,TCP,54,A
2026-07-06T16:05:32.708434,52.168.117.171,192.168.10.21,443,50950,TCP,54,A
2026-07-06T16:05:32.708982,52.168.117.171,192.168.10.21,443,50950,TCP,54,A
2026-07-06T16:05:32.709624,52.168.117.171,192.168.10.21,443,50950,TCP,148,PA
2026-07-06T16:05:32.710230,192.168.10.21,57.144.121.32,50416,5222,TCP,124,PA
2026-07-06T16:05:32.751983,192.168.10.21,52.168.117.171,50950,443,TCP,54,A
2026-07-06T16:05:32.769498,213.217.31.179,192.168.10.21,443,49949,TCP,54,A
2026-07-06T16:05:32.784012,192.168.10.21,170.72.238.46,50066,443,TCP,174,PA
2026-07-06T16:05:32.788055,57.144.121.32,192.168.10.21,5222,50416,TCP,126,PA
2026-07-06T16:05:32.829633,192.168.10.21,57.144.121.32,50416,5222,TCP,54,A
2026-07-06T16:05:32.851696,170.72.238.46,192.168.10.21,443,50066,TCP,54,A
2026-07-06T16:05:32.853160,170.72.238.46,192.168.10.21,443,50066,TCP,258,PA
2026-07-06T16:05:32.905552,192.168.10.21,170.72.238.46,50066,443,TCP,54,A
2026-07-06T16:05:33.499659,192.168.10.21,20.184.175.1,50252,443,TCP,66,S
2026-07-06T16:05:33.510984,129.151.100.199,192.168.10.21,4001,49001,TCP,54,A
2026-07-06T16:05:33.511899,192.168.10.21,129.151.100.199,49001,4001,TCP,54,A
2026-07-06T16:05:33.696220,20.184.175.1,192.168.10.21,443,50252,TCP,66,SA
2026-07-06T16:05:33.698224,192.168.10.21,20.184.175.1,50252,443,TCP,54,A
2026-07-06T16:05:33.700123,192.168.10.21,20.184.175.1,50252,443,TCP,571,PA
2026-07-06T16:05:33.720827,192.168.10.21,57.144.120.145,64655,443,TCP,85,PA
2026-07-06T16:05:33.723198,192.168.10.21,57.144.120.192,65384,443,TCP,86,PA
2026-07-06T16:05:33.727815,192.168.10.21,192.168.10.1,50253,53,TCP,66,S
2026-07-06T16:05:33.728698,192.168.10.21,192.168.10.1,50254,53,TCP,66,S
2026-07-06T16:05:33.729384,192.168.10.1,192.168.10.21,53,50253,TCP,66,SA
2026-07-06T16:05:33.729957,192.168.10.1,192.168.10.21,53,50254,TCP,66,SA
2026-07-06T16:05:33.730613,192.168.10.21,192.168.10.1,50253,53,TCP,54,A
2026-07-06T16:05:33.731202,192.168.10.21,192.168.10.1,50254,53,TCP,54,A
2026-07-06T16:05:33.731961,192.168.10.21,192.168.10.1,50254,53,TCP,56,PA
2026-07-06T16:05:33.732651,192.168.10.21,192.168.10.1,50254,53,TCP,88,PA
2026-07-06T16:05:33.733425,192.168.10.21,192.168.10.1,50253,53,TCP,56,PA
2026-07-06T16:05:33.734088,192.168.10.21,192.168.10.1,50253,53,TCP,88,PA
2026-07-06T16:05:33.734758,192.168.10.1,192.168.10.21,53,50254,TCP,54,A
2026-07-06T16:05:33.735503,192.168.10.1,192.168.10.21,53,50254,TCP,54,A
2026-07-06T16:05:33.736095,192.168.10.1,192.168.10.21,53,50253,TCP,54,A
2026-07-06T16:05:33.736592,192.168.10.1,192.168.10.21,53,50253,TCP,54,A
2026-07-06T16:05:33.737534,192.168.10.1,192.168.10.21,53,50254,TCP,143,PA
2026-07-06T16:05:33.738208,192.168.10.21,192.168.10.1,50254,53,TCP,54,FA
2026-07-06T16:05:33.739068,192.168.10.1,192.168.10.21,53,50254,TCP,54,FA
2026-07-06T16:05:33.739767,192.168.10.21,192.168.10.1,50254,53,TCP,54,A
2026-07-06T16:05:33.740482,192.168.10.1,192.168.10.21,53,50253,TCP,90,PA
2026-07-06T16:05:33.741008,192.168.10.21,192.168.10.1,50255,53,TCP,66,S
2026-07-06T16:05:33.741536,192.168.10.1,192.168.10.21,53,50255,TCP,66,SA
2026-07-06T16:05:33.742111,192.168.10.21,192.168.10.1,50255,53,TCP,54,A
2026-07-06T16:05:33.742654,192.168.10.21,192.168.10.1,50255,53,TCP,56,PA
2026-07-06T16:05:33.743141,192.168.10.21,192.168.10.1,50255,53,TCP,88,PA
2026-07-06T16:05:33.743579,192.168.10.21,192.168.10.1,50255,53,TCP,54,FA
2026-07-06T16:05:33.744024,192.168.10.21,192.168.10.1,50253,53,TCP,54,FA
2026-07-06T16:05:33.744586,192.168.10.21,57.144.121.32,63365,443,UDP,1292,
2026-07-06T16:05:33.745195,192.168.10.21,57.144.121.32,63365,443,UDP,1292,
2026-07-06T16:05:33.745781,192.168.10.21,57.144.121.32,63365,443,UDP,120,
2026-07-06T16:05:33.746394,192.168.10.1,192.168.10.21,53,50255,TCP,54,A
2026-07-06T16:05:33.747083,192.168.10.1,192.168.10.21,53,50255,TCP,54,A
2026-07-06T16:05:33.747613,192.168.10.1,192.168.10.21,53,50253,TCP,54,FA
2026-07-06T16:05:33.748227,192.168.10.21,192.168.10.1,50253,53,TCP,54,A
2026-07-06T16:05:33.748908,192.168.10.1,192.168.10.21,53,50255,TCP,90,PA
2026-07-06T16:05:33.749417,192.168.10.21,192.168.10.1,50255,53,TCP,54,RA
2026-07-06T16:05:33.749904,192.168.10.1,192.168.10.21,53,50255,TCP,54,FA
2026-07-06T16:05:33.763341,57.144.120.145,192.168.10.21,443,64655,TCP,54,A
2026-07-06T16:05:33.764729,57.144.120.192,192.168.10.21,443,65384,TCP,54,A
2026-07-06T16:05:33.791314,57.144.121.32,192.168.10.21,443,63365,UDP,1274,
2026-07-06T16:05:33.792255,57.144.121.32,192.168.10.21,443,63365,UDP,966,
2026-07-06T16:05:33.792993,57.144.121.32,192.168.10.21,443,63365,UDP,90,
2026-07-06T16:05:33.793610,57.144.121.32,192.168.10.21,443,63365,UDP,122,
2026-07-06T16:05:33.794241,192.168.10.21,57.144.121.32,63365,443,UDP,123,
2026-07-06T16:05:33.794937,192.168.10.21,57.144.121.32,63365,443,UDP,1136,
2026-07-06T16:05:33.795653,192.168.10.21,57.144.121.32,63365,443,UDP,978,
2026-07-06T16:05:33.810847,57.144.120.192,192.168.10.21,443,65384,TCP,82,PA
2026-07-06T16:05:33.840686,57.144.121.32,192.168.10.21,443,63365,UDP,81,
2026-07-06T16:05:33.841732,57.144.121.32,192.168.10.21,443,63365,UDP,154,
2026-07-06T16:05:33.844284,57.144.121.32,192.168.10.21,443,63365,UDP,90,
2026-07-06T16:05:33.844982,57.144.121.32,192.168.10.21,443,63365,UDP,90,
2026-07-06T16:05:33.845626,57.144.121.32,192.168.10.21,443,63365,UDP,314,
2026-07-06T16:05:33.846432,192.168.10.21,57.144.121.32,63365,443,UDP,77,
2026-07-06T16:05:33.857478,192.168.10.21,57.144.120.192,65384,443,TCP,54,A
2026-07-06T16:05:33.860343,57.144.120.145,192.168.10.21,443,64655,TCP,79,PA
2026-07-06T16:05:33.872493,192.168.10.21,57.144.121.32,63365,443,UDP,77,
2026-07-06T16:05:33.903941,192.168.10.21,57.144.120.145,64655,443,TCP,54,A
2026-07-06T16:05:33.906222,20.184.175.1,192.168.10.21,443,50252,TCP,153,PA
2026-07-06T16:05:33.907311,192.168.10.21,20.184.175.1,50252,443,TCP,491,PA
2026-07-06T16:05:33.947374,57.144.121.32,192.168.10.21,443,63365,UDP,1274,
2026-07-06T16:05:33.948657,57.144.121.32,192.168.10.21,443,63365,UDP,1274,
2026-07-06T16:05:33.949600,57.144.121.32,192.168.10.21,443,63365,UDP,282,
2026-07-06T16:05:33.950698,192.168.10.21,57.144.121.32,63365,443,UDP,76,
2026-07-06T16:05:33.982418,192.168.10.21,57.144.121.32,63365,443,UDP,81,
2026-07-06T16:05:34.049949,57.144.121.32,192.168.10.21,443,63365,UDP,90,
2026-07-06T16:05:34.107706,20.184.175.1,192.168.10.21,443,50252,TCP,1454,A
2026-07-06T16:05:34.109787,20.184.175.1,192.168.10.21,443,50252,TCP,1454,A
2026-07-06T16:05:34.111034,20.184.175.1,192.168.10.21,443,50252,TCP,1454,A
2026-07-06T16:05:34.112299,20.184.175.1,192.168.10.21,443,50252,TCP,1454,A
2026-07-06T16:05:34.113208,192.168.10.21,20.184.175.1,50252,443,TCP,54,A
2026-07-06T16:05:34.113892,20.184.175.1,192.168.10.21,443,50252,TCP,1090,PA
2026-07-06T16:05:34.114727,192.168.10.21,20.184.175.1,50252,443,TCP,2167,PA
2026-07-06T16:09:32.397795,170.72.238.46,192.168.10.21,443,50066,TCP,98,PA
2026-07-06T16:09:32.400452,192.168.10.21,170.72.238.46,50066,443,TCP,102,PA
2026-07-06T16:09:32.501636,170.72.238.46,192.168.10.21,443,50066,TCP,54,A
2026-07-06T16:09:32.586060,192.168.10.21,224.0.0.251,5353,5353,UDP,254,
2026-07-06T16:09:32.587667,,,5353,5353,UDP,274,
2026-07-06T16:09:32.588306,192.168.10.21,224.0.0.251,5353,5353,UDP,93,
2026-07-06T16:09:32.588965,,,5353,5353,UDP,113,
2026-07-06T16:09:32.710987,192.168.10.21,13.89.179.10,50482,443,TCP,172,PA
2026-07-06T16:09:32.712708,192.168.10.21,13.89.179.10,50482,443,TCP,8092,PA
2026-07-06T16:09:32.818661,192.168.10.21,192.168.10.1,50321,53,UDP,92,
2026-07-06T16:09:32.829118,192.168.10.1,192.168.10.21,53,50321,UDP,219,
2026-07-06T16:09:32.829869,192.168.10.21,40.79.141.155,50507,443,TCP,66,S
2026-07-06T16:09:32.848359,192.168.10.21,224.0.0.251,5353,5353,UDP,93,
2026-07-06T16:09:32.849158,,,5353,5353,UDP,113,
2026-07-06T16:09:32.872514,13.89.179.10,192.168.10.21,443,50482,TCP,54,A
2026-07-06T16:09:32.875633,13.89.179.10,192.168.10.21,443,50482,TCP,54,A
2026-07-06T16:09:32.876317,13.89.179.10,192.168.10.21,443,50482,TCP,54,A
2026-07-06T16:09:32.877134,13.89.179.10,192.168.10.21,443,50482,TCP,153,PA
2026-07-06T16:09:32.895339,40.79.141.155,192.168.10.21,443,50507,TCP,66,SA
2026-07-06T16:09:32.896094,192.168.10.21,40.79.141.155,50507,443,TCP,54,A
2026-07-06T16:09:32.897079,192.168.10.21,40.79.141.155,50507,443,TCP,571,PA
2026-07-06T16:09:32.925125,192.168.10.21,13.89.179.10,50482,443,TCP,54,A
2026-07-06T16:09:32.973606,40.79.141.155,192.168.10.21,443,50507,TCP,153,PA
2026-07-06T16:09:32.974461,192.168.10.21,40.79.141.155,50507,443,TCP,491,PA
2026-07-06T16:09:33.043161,40.79.141.155,192.168.10.21,443,50507,TCP,1454,A
2026-07-06T16:09:33.044139,40.79.141.155,192.168.10.21,443,50507,TCP,1454,A
2026-07-06T16:09:33.044938,40.79.141.155,192.168.10.21,443,50507,TCP,1454,A
2026-07-06T16:09:33.045851,40.79.141.155,192.168.10.21,443,50507,TCP,1454,A
2026-07-06T16:09:33.046530,40.79.141.155,192.168.10.21,443,50507,TCP,1093,PA
2026-07-06T16:09:33.047152,192.168.10.21,40.79.141.155,50507,443,TCP,54,A
2026-07-06T16:09:33.047899,192.168.10.21,40.79.141.155,50507,443,TCP,7353,PA
2026-07-06T16:09:33.112096,40.79.141.155,192.168.10.21,443,50507,TCP,54,A
2026-07-06T16:09:33.114584,192.168.10.21,224.0.0.251,5353,5353,UDP,93,
2026-07-06T16:09:33.116728,,,5353,5353,UDP,113,
2026-07-06T16:09:33.118328,40.79.141.155,192.168.10.21,443,50507,TCP,157,PA
2026-07-06T16:09:33.119856,40.79.141.155,192.168.10.21,443,50507,TCP,54,A
2026-07-06T16:09:33.120735,40.79.141.155,192.168.10.21,443,50507,TCP,54,A
2026-07-06T16:09:33.125756,129.151.100.199,192.168.10.21,4001,49001,TCP,54,A
2026-07-06T16:09:33.126701,192.168.10.21,129.151.100.199,49001,4001,TCP,54,A
2026-07-06T16:09:33.157319,192.168.10.21,40.79.141.155,50507,443,TCP,54,A
2026-07-06T16:09:33.331556,40.79.141.155,192.168.10.21,443,50507,TCP,519,FPA
2026-07-06T16:09:33.333453,192.168.10.21,40.79.141.155,50507,443,TCP,54,A
2026-07-06T16:09:33.335170,192.168.10.21,40.79.141.155,50507,443,TCP,78,PA
2026-07-06T16:09:33.336793,192.168.10.21,40.79.141.155,50507,443,TCP,54,FA
2026-07-06T16:09:33.379302,192.168.10.21,224.0.0.251,5353,5353,UDP,319,
2026-07-06T16:09:33.381422,,,5353,5353,UDP,339,
2026-07-06T16:09:33.382609,192.168.10.21,224.0.0.251,5353,5353,UDP,255,
2026-07-06T16:09:33.383759,,,5353,5353,UDP,275,
2026-07-06T16:09:33.400464,40.79.141.155,192.168.10.21,443,50507,TCP,54,A
2026-07-06T16:09:33.798530,57.144.120.192,192.168.10.21,443,64656,TCP,78,PA
2026-07-06T16:09:33.800442,57.144.120.192,192.168.10.21,443,64656,TCP,54,RA
2026-07-06T16:09:35.502390,192.168.10.21,169.255.240.77,49001,4001,TCP,88,PA
2026-07-06T16:09:35.640238,192.168.10.21,192.168.10.1,50510,5000,TCP,66,S
2026-07-06T16:09:35.643151,192.168.10.1,192.168.10.21,5000,50510,TCP,66,SA
2026-07-06T16:09:35.644377,192.168.10.21,192.168.10.1,50510,5000,TCP,54,A
2026-07-06T16:09:35.645193,192.168.10.21,192.168.10.1,50510,5000,TCP,908,PA
2026-07-06T16:09:35.645882,192.168.10.1,192.168.10.21,5000,50510,TCP,54,A
2026-07-06T16:09:35.646564,192.168.10.1,192.168.10.21,5000,50510,TCP,477,PA
2026-07-06T16:09:35.647162,192.168.10.1,192.168.10.21,5000,50510,TCP,54,FA
2026-07-06T16:09:35.647681,192.168.10.21,192.168.10.1,50510,5000,TCP,54,A
2026-07-06T16:09:35.648231,192.168.10.21,192.168.10.1,50510,5000,TCP,54,FA
2026-07-06T16:09:35.648800,192.168.10.1,192.168.10.21,5000,50510,TCP,54,A
2026-07-06T16:09:35.970407,169.255.240.77,192.168.10.21,4001,49001,TCP,54,A
2026-07-06T16:09:35.972619,169.255.240.77,192.168.10.21,4001,49001,TCP,88,PA
2026-07-06T16:09:36.010905,192.168.10.21,169.255.240.77,49001,4001,TCP,54,A
2026-07-06T16:09:36.402101,192.168.10.21,94.199.253.81,49001,4001,TCP,88,PA
2026-07-06T16:09:36.465221,94.199.253.81,192.168.10.21,4001,49001,TCP,88,PA
